countryEnglishName,Name,Flag,,,
United States of America,美国,https://www.countryflags.io/us/flat/64.png,,,
Switzerland,瑞士,https://www.countryflags.io/ch/flat/64.png,,,
Portugal,葡萄牙,https://www.countryflags.io/pt/flat/64.png,,,
Ireland,爱尔兰,https://www.countryflags.io/ie/flat/64.png,,,
Mexico,墨西哥,https://www.countryflags.io/mx/flat/64.png,,,
Slovenia,斯洛文尼亚,https://www.countryflags.io/si/flat/64.png,,,
Andorra,安道尔,https://www.countryflags.io/ad/flat/64.png,,,
Bulgaria,保加利亚,https://www.countryflags.io/bg/flat/64.png,,,
North Macedonia,北马其顿,https://www.countryflags.io/mk/flat/64.png,,,
Uruguay,乌拉圭,https://www.countryflags.io/uy/flat/64.png,,,
Costa Rica,哥斯达黎加,https://www.countryflags.io/cr/flat/64.png,,,
Kazakhstan,哈萨克斯坦,https://www.countryflags.io/kz/flat/64.png,,,
Azerbaijan,阿塞拜疆,https://www.countryflags.io/az/flat/64.png,,,
Jordan,约旦,https://www.countryflags.io/jo/flat/64.png,,,
Kuwait,科威特,https://www.countryflags.io/kw/flat/64.png,,,
Afghanistan,阿富汗,https://www.countryflags.io/af/flat/64.png,,,
Mauritius,毛里求斯,https://www.countryflags.io/mu/flat/64.png,,,
Honduras,洪都拉斯,https://www.countryflags.io/hn/flat/64.png,,,
Martinique,马提尼克,https://www.countryflags.io/mq/flat/64.png,,,
Italy,意大利,https://www.countryflags.io/it/flat/64.png,,,
Canada,加拿大,https://www.countryflags.io/ca/flat/64.png,,,
Norway,挪威,https://www.countryflags.io/no/flat/64.png,,,
Brazil,巴西,https://www.countryflags.io/br/flat/64.png,,,
Australia,澳大利亚,https://www.countryflags.io/au/flat/64.png,,,
Sweden,瑞典,https://www.countryflags.io/se/flat/64.png,,,
Czech Republic,捷克,https://www.countryflags.io/cz/flat/64.png,,,
Russia,俄罗斯,https://www.countryflags.io/ru/flat/64.png,,,
Malaysia,马来西亚,https://www.countryflags.io/my/flat/64.png,,,
Luxembourg,卢森堡,https://www.countryflags.io/lu/flat/64.png,,,
Poland,波兰,https://www.countryflags.io/pl/flat/64.png,,,
Romania,罗马尼亚,https://www.countryflags.io/ro/flat/64.png,,,
Philippines,菲律宾,https://www.countryflags.io/ph/flat/64.png,,,
Ecuador,厄瓜多尔,https://www.countryflags.io/ec/flat/64.png,,,
Japan,日本,https://www.countryflags.io/jp/flat/64.png,,,
Greece,希腊,https://www.countryflags.io/gr/flat/64.png,,,
India,印度,https://www.countryflags.io/in/flat/64.png,,,
Morocco,摩洛哥,https://www.countryflags.io/ma/flat/64.png,,,
Algeria,阿尔及利亚,https://www.countryflags.io/dz/flat/64.png,,,
Iraq,伊拉克,https://www.countryflags.io/iq/flat/64.png,,,
Lebanon,黎巴嫩,https://www.countryflags.io/lb/flat/64.png,,,
Tunisia,突尼斯,https://www.countryflags.io/tn/flat/64.png,,,
Cyprus,塞浦路斯,https://www.countryflags.io/cy/flat/64.png,,,
Brunei,文莱,https://www.countryflags.io/bn/flat/64.png,,,
Korea,韩国,https://www.countryflags.io/kr/flat/64.png,,,
Colombia,哥伦比亚,https://www.countryflags.io/co/flat/64.png,,,
Estonia,爱沙尼亚,https://www.countryflags.io/ee/flat/64.png,,,
Lithuania,立陶宛,https://www.countryflags.io/lt/flat/64.png,,,
Moldova,摩尔多瓦,https://www.countryflags.io/md/flat/64.png,,,
Bahrain,巴林,https://www.countryflags.io/bh/flat/64.png,,,
Venezuela,委内瑞拉,https://www.countryflags.io/ve/flat/64.png,,,
Nigeria,尼日利亚,https://www.countryflags.io/ng/flat/64.png,,,
Austria,奥地利,https://www.countryflags.io/at/flat/64.png,,,
Israel,以色列,https://www.countryflags.io/il/flat/64.png,,,
Denmark,丹麦,https://www.countryflags.io/dk/flat/64.png,,,
Pakistan,巴基斯坦,https://www.countryflags.io/pk/flat/64.png,,,
Finland,芬兰,https://www.countryflags.io/fi/flat/64.png,,,
South Africa,南非,https://www.countryflags.io/za/flat/64.png,,,
Iceland,冰岛,https://www.countryflags.io/is/flat/64.png,,,
Argentina,阿根廷,https://www.countryflags.io/ar/flat/64.png,,,
Ukraine,乌克兰,https://www.countryflags.io/ua/flat/64.png,,,
Hungary,匈牙利,https://www.countryflags.io/hu/flat/64.png,,,
Burkina Faso,布基纳法索,https://www.countryflags.io/bf/flat/64.png,,,
Cameroon,喀麦隆,https://www.countryflags.io/cm/flat/64.png,,,
Uzbekistan,乌兹别克斯坦,https://www.countryflags.io/uz/flat/64.png,,,
Djibouti,吉布提,https://www.countryflags.io/dj/flat/64.png,,,
Latvia,拉脱维亚,https://www.countryflags.io/lv/flat/64.png,,,
Germany,德国,https://www.countryflags.io/de/flat/64.png,,,
Chile,智利,https://www.countryflags.io/cl/flat/64.png,,,
Croatia,克罗地亚,https://www.countryflags.io/hr/flat/64.png,,,
Singapore,新加坡,https://www.countryflags.io/sg/flat/64.png,,,
Qatar,卡塔尔,https://www.countryflags.io/qa/flat/64.png,,,
United Arab Emirates,阿联酋,https://www.countryflags.io/ae/flat/64.png,,,
Armenia,亚美尼亚,https://www.countryflags.io/am/flat/64.png,,,
Slovakia,斯洛伐克,https://www.countryflags.io/sk/flat/64.png,,,
SriLanka,斯里兰卡,https://www.countryflags.io/lk/flat/64.png,,,
Cuba,古巴,https://www.countryflags.io/cu/flat/64.png,,,
Palestine,巴勒斯坦,https://www.countryflags.io/ps/flat/64.png,,,
Turkey,土耳其,https://www.countryflags.io/tr/flat/64.png,,,
Diamond Princess Cruise Ship,钻石公主号邮轮,,,,
France,法国,https://www.countryflags.io/fr/flat/64.png,,,
Iran,伊朗,https://www.countryflags.io/ir/flat/64.png,,,
United Kingdom,英国,https://www.countryflags.io/gb/flat/64.png,,,
Spain,西班牙,https://www.countryflags.io/es/flat/64.png,,,
Belgium,比利时,https://www.countryflags.io/be/flat/64.png,,,
Netherlands,荷兰,https://www.countryflags.io/nl/flat/64.png,,,
Thailand,泰国,https://www.countryflags.io/th/flat/64.png,,,
Saudi Arabia,沙特阿拉伯,https://www.countryflags.io/sa/flat/64.png,,,
Indonesia,印度尼西亚,https://www.countryflags.io/id/flat/64.png,,,
Panama,巴拿马,https://www.countryflags.io/pa/flat/64.png,,,
Peru,秘鲁,https://www.countryflags.io/pe/flat/64.png,,,
Republic of Serbia,塞尔维亚,https://www.countryflags.io/rs/flat/64.png,,,
Dominican Republic,多米尼加,https://www.countryflags.io/do/flat/64.png,,,
New Zealand,新西兰,https://www.countryflags.io/nz/flat/64.png,,,
Egypt,埃及,https://www.countryflags.io/eg/flat/64.png,,,
Bosnia and Herzegovina,波黑,https://www.countryflags.io/ba/flat/64.png,,,
San Marino,圣马力诺,https://www.countryflags.io/sm/flat/64.png,,,
Reunion,留尼旺,,,,
Albania,阿尔巴尼亚,https://www.countryflags.io/al/flat/64.png,,,
Faroe,法罗群岛,https://www.countryflags.io/fo/flat/64.png,,,
Ivory Coast,科特迪瓦,https://www.countryflags.io/ci/flat/64.png,,,
Vietnam,越南,https://www.countryflags.io/vn/flat/64.png,,,
Malta,马耳他,https://www.countryflags.io/mt/flat/64.png,,,
Oman,阿曼,https://www.countryflags.io/om/flat/64.png,,,
Ghana,加纳,https://www.countryflags.io/gh/flat/64.png,,,
Senegal,塞内加尔,https://www.countryflags.io/sn/flat/64.png,,,
Kyrgyz Republic,吉尔吉斯斯坦,https://www.countryflags.io/kg/flat/64.png,,,
Belarus,白俄罗斯,https://www.countryflags.io/by/flat/64.png,,,
Georgia,格鲁吉亚,https://www.countryflags.io/ge/flat/64.png,,,
Kampuchea (Cambodia ),柬埔寨,https://www.countryflags.io/kh/flat/64.png,,,
Sint Maarten,荷属圣马丁,https://www.countryflags.io/sx/flat/64.png,,,
Burma,缅甸,https://www.countryflags.io/mm/flat/64.png,,,
Zambia,赞比亚共和国,https://www.countryflags.io/zm/flat/64.png,,,
Sierra Leone,塞拉利昂,https://www.countryflags.io/sl/flat/64.png,,,
Guadeloupe,瓜德罗普岛,https://www.countryflags.io/gp/flat/64.png,,,
Montenegro,黑山,https://www.countryflags.io/me/flat/64.png,,,
Democratic Republic of the Congo,刚果（金）,https://www.countryflags.io/cd/flat/64.png,,,
Mayotte,马约特,https://www.countryflags.io/yt/flat/64.png,,,
Bolivia,玻利维亚,https://www.countryflags.io/bo/flat/64.png,,,
Trinidad and Tobago,特立尼达和多巴哥,https://www.countryflags.io/tt/flat/64.png,,,
Republic of Rwanda,卢旺达,https://www.countryflags.io/rw/flat/64.png,,,
Gibraltar,直布罗陀,https://www.countryflags.io/gi/flat/64.png,,,
Puerto Rico,波多黎各,https://www.countryflags.io/pr/flat/64.png,,,
Liechtenstein,列支敦士登,https://www.countryflags.io/li/flat/64.png,,,
Paraguay,巴拉圭,https://www.countryflags.io/py/flat/64.png,,,
Bailiwick of Jersey,泽西岛,https://www.countryflags.io/je/flat/64.png,,,
Kenya,肯尼亚,https://www.countryflags.io/ke/flat/64.png,,,
Guam,关岛,https://www.countryflags.io/gu/flat/64.png,,,
Monaco,摩纳哥,https://www.countryflags.io/mc/flat/64.png,,,
Aruba,阿鲁巴,https://www.countryflags.io/aw/flat/64.png,,,
Madagascar,马达加斯加,https://www.countryflags.io/mg/flat/64.png,,,
Isle of Man ,马恩岛,https://www.countryflags.io/im/flat/64.png,,,
Guernsey,根西岛,https://www.countryflags.io/gg/flat/64.png,,,
French Polynesia,法属波利尼西亚,https://www.countryflags.io/pf/flat/64.png,,,
Guatemala,危地马拉,https://www.countryflags.io/gt/flat/64.png,,,
Uganda,乌干达,https://www.countryflags.io/ug/flat/64.png,,,
Jamaica,牙买加,https://www.countryflags.io/jm/flat/64.png,,,
French Guiana,法属圭亚那,https://www.countryflags.io/gf/flat/64.png,,,
Mali,马里,https://www.countryflags.io/ml/flat/64.png,,,
Barbados,巴巴多斯,https://www.countryflags.io/bb/flat/64.png,,,
El Salvador,萨尔瓦多,https://www.countryflags.io/sv/flat/64.png,,,
Togo,多哥,https://www.countryflags.io/tg/flat/64.png,,,
Ethiopia,埃塞俄比亚,https://www.countryflags.io/et/flat/64.png,,,
Virgin Islands (U.S.),美属维尔京群岛,https://www.countryflags.io/vi/flat/64.png,,,
Burmuda,百慕大,https://www.countryflags.io/bm/flat/64.png,,,
Bangladesh,孟加拉国,https://www.countryflags.io/bd/flat/64.png,,,
Guinea,几内亚,https://www.countryflags.io/gn/flat/64.png,,,
"Congo, Rep.",刚果（布）,https://www.countryflags.io/cg/flat/64.png,,,
Niger,尼日尔,https://www.countryflags.io/ne/flat/64.png,,,
Tanzania,坦桑尼亚,https://www.countryflags.io/tz/flat/64.png,,,
Gabon,加蓬,https://www.countryflags.io/ga/flat/64.png,,,
Nouvelle-Calédonie,新喀里多尼亚,https://www.countryflags.io/fr/flat/64.png,,,
Haiti,海地,https://www.countryflags.io/ht/flat/64.png,,,
Eritrea,厄立特里亚,https://www.countryflags.io/er/flat/64.png,,,
The Republic of Equatorial Guinea,赤道几内亚,https://www.countryflags.io/gq/flat/64.png,,,
Mongolia,蒙古,https://www.countryflags.io/mn/flat/64.png,,,
Sint Maarten,圣马丁岛,https://www.countryflags.io/sx/flat/64.png,,,
Namibia,纳米比亚,https://www.countryflags.io/na/flat/64.png,,,
Commonwealth of Dominica,多米尼克,https://www.countryflags.io/dm/flat/64.png,,,
Bahamas,巴哈马,https://www.countryflags.io/bs/flat/64.png,,,
Greenland,格陵兰,https://www.countryflags.io/gl/flat/64.png,,,
Syria,叙利亚,https://www.countryflags.io/sy/flat/64.png,,,
Eswatini,斯威士兰,https://www.countryflags.io/sz/flat/64.png,,,
Suriname,苏里南,https://www.countryflags.io/sr/flat/64.png,,,
Mozambique,莫桑比克,https://www.countryflags.io/mz/flat/64.png,,,
Libya,利比亚,https://www.countryflags.io/ly/flat/64.png,,,
Zimbabwe,津巴布韦,https://www.countryflags.io/zw/flat/64.png,,,
Antigua and Barbuda,安提瓜和巴布达,https://www.countryflags.io/ag/flat/64.png,,,
Grenada,格林那达,https://www.countryflags.io/gd/flat/64.png,,,
Curaçao,库拉索岛,https://www.countryflags.io/cw/flat/64.png,,,
Vatican City State,梵蒂冈,https://www.countryflags.io/va/flat/64.png,,,
Central African Republic,中非共和国,https://www.countryflags.io/cf/flat/64.png,,,
Benin,贝宁,https://www.countryflags.io/bj/flat/64.png,,,
Maldives,马尔代夫,https://www.countryflags.io/mv/flat/64.png,,,
Sudan,苏丹,https://www.countryflags.io/sd/flat/64.png,,,
Angola,安哥拉,https://www.countryflags.io/ao/flat/64.png,,,
Saint Barthélemy,圣巴泰勒米岛,https://www.countryflags.io/bl/flat/64.png,,,
Chad,乍得,https://www.countryflags.io/td/flat/64.png,,,
Montserrat,蒙特塞拉特,https://www.countryflags.io/ms/flat/64.png,,,
Nepal,尼泊尔,https://www.countryflags.io/np/flat/64.png,,,
The Islamic Republic of Mauritania,毛里塔尼亚,https://www.countryflags.io/mr/flat/64.png,,,
Cape Verde,佛得角,https://www.countryflags.io/cv/flat/64.png,,,
Gambia,冈比亚,https://www.countryflags.io/gm/flat/64.png,,,
Nicaragua,尼加拉瓜,https://www.countryflags.io/ni/flat/64.png,,,
Kingdom of Bhutan,不丹,https://www.countryflags.io/bt/flat/64.png,,,
Somalia,索马里,https://www.countryflags.io/so/flat/64.png,,,
Botswana,博茨瓦纳,https://www.countryflags.io/bw/flat/64.png,,,
Turks And Caicos Islands,特克斯和凯科斯群岛,https://www.countryflags.io/tc/flat/64.png,,,
Saint Kitts And Nevis,圣其茨和尼维斯,https://www.countryflags.io/kn/flat/64.png,,,
Anguilla,安圭拉,https://www.countryflags.io/ai/flat/64.png,,,
Virgin Islands (U.K.),英属维尔京群岛,https://www.countryflags.io/vg/flat/64.png,,,
Northern Mariana Islands,北马里亚纳群岛联邦,https://www.countryflags.io/mp/flat/64.png,,,
Cayman Islands,开曼群岛,https://www.countryflags.io/ky/flat/64.png,,,
Laos,老挝,https://www.countryflags.io/la/flat/64.png,,,
Fiji,斐济,https://www.countryflags.io/fj/flat/64.png,,,
St.Lucia,圣卢西亚,https://www.countryflags.io/lc/flat/64.png,,,
Belize,伯利兹,https://www.countryflags.io/bz/flat/64.png,,,
Guinea-Bissau,几内亚比绍,https://www.countryflags.io/gw/flat/64.png,,,
Seychelles,塞舌尔,https://www.countryflags.io/sc/flat/64.png,,,
Guyana,圭亚那,https://www.countryflags.io/gy/flat/64.png,,,
Liberia,利比里亚,https://www.countryflags.io/lr/flat/64.png,,,
Saint Vincent and the Grenadines,圣文森特和格林纳丁斯,https://www.countryflags.io/vc/flat/64.png,,,
Timor-Leste,东帝汶,https://www.countryflags.io/tl/flat/64.png,,,
Papua New Guinea,巴布亚新几内亚,https://www.countryflags.io/pg/flat/64.png,,,
Kosovo,科索沃,,,,
